<application>
  <component name="FileTypeManager" version="17">
    <ignoreFiles list="*$py.class;*.hprof;*.orig;*.pyc;*.pyo;*.rbc;*.yarb;*~;.DS_Store;.git;.hg;.svn;CVS;__pycache__;_svn;vssver.scc;vssver2.scc;" />
    <extensionMap>
      <mapping pattern="Docker-psql" type="Dockerfile" />
      <mapping pattern="test" type="PLAIN_TEXT" />
      <mapping pattern="history docker" type="PLAIN_TEXT" />
      <mapping pattern="awd" type="PLAIN_TEXT" />
      <mapping pattern="ajwsd" type="PLAIN_TEXT" />
      <mapping ext="in" type="PLAIN_TEXT" />
      <mapping ext="service" type="PLAIN_TEXT" />
      <mapping ext="mo" type="PLAIN_TEXT" />
      <mapping pattern="dockerfile" type="YAML" />
    </extensionMap>
  </component>
</application>