<application>
  <component name="ProjectJdkTable">
    <jdk version="2">
      <name value="Python 2.7.12 virtualenv at ~/.virtualenvs/bookcore" />
      <type value="Python SDK" />
      <version value="Python 2.7.18rc1" />
      <homePath value="$USER_HOME$/.virtualenvs/bookcore/bin/python" />
      <roots>
        <classPath>
          <root type="composite">
            <root url="file:///usr/lib/python2.7" type="simple" />
            <root url="file:///usr/lib/python2.7/plat-x86_64-linux-gnu" type="simple" />
            <root url="file:///usr/lib/python2.7/lib-tk" type="simple" />
            <root url="file:///usr/lib/python2.7/lib-dynload" type="simple" />
            <root url="file://$USER_HOME$/.virtualenvs/bookcore/lib/python2.7/site-packages" type="simple" />
            <root url="file://$USER_HOME$/.cache/JetBrains/PyCharm2020.2/python_stubs/410163843" type="simple" />
            <root url="file://$APPLICATION_HOME_DIR$/plugins/python/helpers/python-skeletons" type="simple" />
            <root url="file://$APPLICATION_HOME_DIR$/plugins/python/helpers/typeshed/stdlib/2" type="simple" />
            <root url="file://$APPLICATION_HOME_DIR$/plugins/python/helpers/typeshed/stdlib/2and3" type="simple" />
            <root url="file://$APPLICATION_HOME_DIR$/plugins/python/helpers/typeshed/third_party/2" type="simple" />
            <root url="file://$APPLICATION_HOME_DIR$/plugins/python/helpers/typeshed/third_party/2and3" type="simple" />
          </root>
        </classPath>
        <sourcePath>
          <root type="composite" />
        </sourcePath>
      </roots>
      <additional />
    </jdk>
    <jdk version="2">
      <name value="Python 2.7.12 virtualenv at ~/.virtualenvs/entorno05" />
      <type value="Python SDK" />
      <homePath value="$USER_HOME$/.virtualenvs/entorno05/bin/python" />
      <roots>
        <classPath>
          <root type="composite">
            <root url="file://$USER_HOME$/.virtualenvs/entorno05/lib/python2.7" type="simple" />
            <root url="file://$USER_HOME$/.virtualenvs/entorno05/lib/python2.7/lib-dynload" type="simple" />
            <root url="file:///usr/lib/python2.7" type="simple" />
            <root url="file:///usr/lib/python2.7/plat-x86_64-linux-gnu" type="simple" />
            <root url="file:///usr/lib/python2.7/lib-tk" type="simple" />
            <root url="file://$USER_HOME$/.virtualenvs/entorno05/local/lib/python2.7/site-packages" type="simple" />
            <root url="file://$USER_HOME$/.virtualenvs/entorno05/local/lib/python2.7/site-packages/PIL" type="simple" />
            <root url="file://$USER_HOME$/.virtualenvs/entorno05/lib/python2.7/site-packages" type="simple" />
            <root url="file://$USER_HOME$/.virtualenvs/entorno05/lib/python2.7/site-packages/PIL" type="simple" />
            <root url="file://$USER_HOME$/.PyCharm2017.1/system/python_stubs/772630209" type="simple" />
            <root url="file://$APPLICATION_HOME_DIR$/helpers/python-skeletons" type="simple" />
            <root url="file://$APPLICATION_HOME_DIR$/helpers/typeshed/stdlib/2" type="simple" />
            <root url="file://$APPLICATION_HOME_DIR$/helpers/typeshed/stdlib/2and3" type="simple" />
            <root url="file://$APPLICATION_HOME_DIR$/helpers/typeshed/third_party/2" type="simple" />
            <root url="file://$APPLICATION_HOME_DIR$/helpers/typeshed/third_party/2and3" type="simple" />
          </root>
        </classPath>
        <sourcePath>
          <root type="composite" />
        </sourcePath>
      </roots>
      <additional />
    </jdk>
    <jdk version="2">
      <name value="Python 2.7.12 virtualenv at ~/.virtualenvs/bookcore (1)" />
      <type value="Python SDK" />
      <version value="Python 2.7.18rc1" />
      <homePath value="$USER_HOME$/.virtualenvs/bookcore/bin/python2.7" />
      <roots>
        <classPath>
          <root type="composite">
            <root url="file:///usr/lib/python2.7" type="simple" />
            <root url="file:///usr/lib/python2.7/plat-x86_64-linux-gnu" type="simple" />
            <root url="file:///usr/lib/python2.7/lib-tk" type="simple" />
            <root url="file:///usr/lib/python2.7/lib-dynload" type="simple" />
            <root url="file://$USER_HOME$/.virtualenvs/bookcore/lib/python2.7/site-packages" type="simple" />
            <root url="file://$USER_HOME$/.cache/JetBrains/PyCharm2020.2/python_stubs/9139224" type="simple" />
            <root url="file://$APPLICATION_HOME_DIR$/plugins/python/helpers/python-skeletons" type="simple" />
            <root url="file://$APPLICATION_HOME_DIR$/plugins/python/helpers/typeshed/stdlib/2" type="simple" />
            <root url="file://$APPLICATION_HOME_DIR$/plugins/python/helpers/typeshed/stdlib/2and3" type="simple" />
            <root url="file://$APPLICATION_HOME_DIR$/plugins/python/helpers/typeshed/third_party/2" type="simple" />
            <root url="file://$APPLICATION_HOME_DIR$/plugins/python/helpers/typeshed/third_party/2and3" type="simple" />
          </root>
        </classPath>
        <sourcePath>
          <root type="composite" />
        </sourcePath>
      </roots>
      <additional />
    </jdk>
    <jdk version="2">
      <name value="Python 2.7.12 virtualenv at ~/.virtualenvs/entorno05 (1)" />
      <type value="Python SDK" />
      <homePath value="$USER_HOME$/.virtualenvs/entorno05/bin/python2.7" />
      <roots>
        <classPath>
          <root type="composite">
            <root url="file://$USER_HOME$/.virtualenvs/entorno05/lib/python2.7" type="simple" />
            <root url="file://$USER_HOME$/.virtualenvs/entorno05/lib/python2.7/lib-dynload" type="simple" />
            <root url="file:///usr/lib/python2.7" type="simple" />
            <root url="file:///usr/lib/python2.7/plat-x86_64-linux-gnu" type="simple" />
            <root url="file:///usr/lib/python2.7/lib-tk" type="simple" />
            <root url="file://$USER_HOME$/.virtualenvs/entorno05/local/lib/python2.7/site-packages" type="simple" />
            <root url="file://$USER_HOME$/.virtualenvs/entorno05/local/lib/python2.7/site-packages/PIL" type="simple" />
            <root url="file://$USER_HOME$/.virtualenvs/entorno05/lib/python2.7/site-packages" type="simple" />
            <root url="file://$USER_HOME$/.virtualenvs/entorno05/lib/python2.7/site-packages/PIL" type="simple" />
            <root url="file://$USER_HOME$/.PyCharm2016.3/system/python_stubs/696866586" type="simple" />
            <root url="file://$APPLICATION_HOME_DIR$/helpers/python-skeletons" type="simple" />
          </root>
        </classPath>
        <sourcePath>
          <root type="composite" />
        </sourcePath>
      </roots>
      <additional />
    </jdk>
    <jdk version="2">
      <name value="Python 3.5.2 virtualenv at ~/.local/share/virtualenvs/pantalling-kP27i1NA" />
      <type value="Python SDK" />
      <homePath value="$USER_HOME$/.local/share/virtualenvs/pantalling-kP27i1NA/bin/python" />
      <roots>
        <classPath>
          <root type="composite">
            <root url="file://$USER_HOME$/.local/share/virtualenvs/pantalling-kP27i1NA/lib/python3.5" type="simple" />
            <root url="file://$USER_HOME$/.local/share/virtualenvs/pantalling-kP27i1NA/lib/python3.5/plat-x86_64-linux-gnu" type="simple" />
            <root url="file://$USER_HOME$/.local/share/virtualenvs/pantalling-kP27i1NA/lib/python3.5/lib-dynload" type="simple" />
            <root url="file:///usr/lib/python3.5" type="simple" />
            <root url="file:///usr/lib/python3.5/plat-x86_64-linux-gnu" type="simple" />
            <root url="file://$USER_HOME$/.local/share/virtualenvs/pantalling-kP27i1NA/lib/python3.5/site-packages" type="simple" />
            <root url="file://$USER_HOME$/.local/share/virtualenvs/pantalling-kP27i1NA/lib/python3.5/site-packages/pantalling-0.0.1-py3.5.egg" type="simple" />
            <root url="file://$USER_HOME$/.local/share/virtualenvs/pantalling-kP27i1NA/lib/python3.5/site-packages/aiohttp-3.2.1-py3.5-linux-x86_64.egg" type="simple" />
            <root url="file://$USER_HOME$/.local/share/virtualenvs/pantalling-kP27i1NA/lib/python3.5/site-packages/async_timeout-3.0.0-py3.5.egg" type="simple" />
            <root url="file://$USER_HOME$/.PyCharm2017.1/system/python_stubs/-87352785" type="simple" />
            <root url="file://$APPLICATION_HOME_DIR$/helpers/python-skeletons" type="simple" />
            <root url="file://$APPLICATION_HOME_DIR$/helpers/typeshed/stdlib/3" type="simple" />
            <root url="file://$APPLICATION_HOME_DIR$/helpers/typeshed/stdlib/2and3" type="simple" />
            <root url="file://$APPLICATION_HOME_DIR$/helpers/typeshed/third_party/3" type="simple" />
            <root url="file://$APPLICATION_HOME_DIR$/helpers/typeshed/third_party/2and3" type="simple" />
          </root>
        </classPath>
        <sourcePath>
          <root type="composite" />
        </sourcePath>
      </roots>
      <additional />
    </jdk>
    <jdk version="2">
      <name value="Python 2.7.12 virtualenv at ~/.local/share/virtualenvs/slackbot-swks3Nf2" />
      <type value="Python SDK" />
      <homePath value="$USER_HOME$/.local/share/virtualenvs/slackbot-swks3Nf2/bin/python2.7" />
      <roots>
        <classPath>
          <root type="composite">
            <root url="file://$USER_HOME$/.local/share/virtualenvs/slackbot-swks3Nf2/lib/python2.7" type="simple" />
            <root url="file://$USER_HOME$/.local/share/virtualenvs/slackbot-swks3Nf2/lib/python2.7/lib-dynload" type="simple" />
            <root url="file:///usr/lib/python2.7" type="simple" />
            <root url="file:///usr/lib/python2.7/plat-x86_64-linux-gnu" type="simple" />
            <root url="file:///usr/lib/python2.7/lib-tk" type="simple" />
            <root url="file://$USER_HOME$/.local/share/virtualenvs/slackbot-swks3Nf2/local/lib/python2.7/site-packages" type="simple" />
            <root url="file://$USER_HOME$/.local/share/virtualenvs/slackbot-swks3Nf2/lib/python2.7/site-packages" type="simple" />
            <root url="file://$USER_HOME$/.PyCharm2017.1/system/python_stubs/-1214944293" type="simple" />
            <root url="file://$APPLICATION_HOME_DIR$/helpers/python-skeletons" type="simple" />
            <root url="file://$APPLICATION_HOME_DIR$/helpers/typeshed/stdlib/2" type="simple" />
            <root url="file://$APPLICATION_HOME_DIR$/helpers/typeshed/stdlib/2and3" type="simple" />
            <root url="file://$APPLICATION_HOME_DIR$/helpers/typeshed/third_party/2" type="simple" />
            <root url="file://$APPLICATION_HOME_DIR$/helpers/typeshed/third_party/2and3" type="simple" />
          </root>
        </classPath>
        <sourcePath>
          <root type="composite" />
        </sourcePath>
      </roots>
      <additional />
    </jdk>
    <jdk version="2">
      <name value="Python 2.7.12 virtualenv at ~/.virtualenvs/entorno06" />
      <type value="Python SDK" />
      <version value="Python 2.7.18rc1" />
      <homePath value="$USER_HOME$/.virtualenvs/entorno06/bin/python" />
      <roots>
        <classPath>
          <root type="composite">
            <root url="file:///usr/lib/python2.7" type="simple" />
            <root url="file:///usr/lib/python2.7/plat-x86_64-linux-gnu" type="simple" />
            <root url="file:///usr/lib/python2.7/lib-tk" type="simple" />
            <root url="file:///usr/lib/python2.7/lib-dynload" type="simple" />
            <root url="file://$USER_HOME$/.virtualenvs/entorno06/lib/python2.7/site-packages" type="simple" />
            <root url="file://$USER_HOME$/.cache/JetBrains/PyCharm2020.2/python_stubs/-613649818" type="simple" />
            <root url="file://$APPLICATION_HOME_DIR$/plugins/python/helpers/python-skeletons" type="simple" />
            <root url="file://$APPLICATION_HOME_DIR$/plugins/python/helpers/typeshed/stdlib/2" type="simple" />
            <root url="file://$APPLICATION_HOME_DIR$/plugins/python/helpers/typeshed/stdlib/2and3" type="simple" />
            <root url="file://$APPLICATION_HOME_DIR$/plugins/python/helpers/typeshed/third_party/2" type="simple" />
            <root url="file://$APPLICATION_HOME_DIR$/plugins/python/helpers/typeshed/third_party/2and3" type="simple" />
          </root>
        </classPath>
        <sourcePath>
          <root type="composite" />
        </sourcePath>
      </roots>
      <additional />
    </jdk>
    <jdk version="2">
      <name value="Python 3.5.2 virtualenv at ~/.virtualenvs/roibot" />
      <type value="Python SDK" />
      <homePath value="$USER_HOME$/.virtualenvs/roibot/bin/python3" />
      <roots>
        <classPath>
          <root type="composite">
            <root url="file://$USER_HOME$/.virtualenvs/roibot/lib/python3.5" type="simple" />
            <root url="file://$USER_HOME$/.virtualenvs/roibot/lib/python3.5/plat-x86_64-linux-gnu" type="simple" />
            <root url="file://$USER_HOME$/.virtualenvs/roibot/lib/python3.5/lib-dynload" type="simple" />
            <root url="file:///usr/lib/python3.5" type="simple" />
            <root url="file:///usr/lib/python3.5/plat-x86_64-linux-gnu" type="simple" />
            <root url="file://$USER_HOME$/.virtualenvs/roibot/lib/python3.5/site-packages" type="simple" />
            <root url="file://$USER_HOME$/.PyCharm2018.3/system/python_stubs/-116013507" type="simple" />
            <root url="file://$APPLICATION_HOME_DIR$/helpers/python-skeletons" type="simple" />
            <root url="file://$APPLICATION_HOME_DIR$/helpers/typeshed/stdlib/3" type="simple" />
            <root url="file://$APPLICATION_HOME_DIR$/helpers/typeshed/stdlib/2and3" type="simple" />
            <root url="file://$APPLICATION_HOME_DIR$/helpers/typeshed/third_party/3" type="simple" />
            <root url="file://$APPLICATION_HOME_DIR$/helpers/typeshed/third_party/2and3" type="simple" />
          </root>
        </classPath>
        <sourcePath>
          <root type="composite" />
        </sourcePath>
      </roots>
      <additional />
    </jdk>
    <jdk version="2">
      <name value="Python 3.5 (atlassian)" />
      <type value="Python SDK" />
      <homePath value="$USER_HOME$/.virtualenvs/atlassian/bin/python" />
      <roots>
        <classPath>
          <root type="composite">
            <root url="file:///usr/lib/python3.5" type="simple" />
            <root url="file:///usr/lib/python3.5/plat-x86_64-linux-gnu" type="simple" />
            <root url="file:///usr/lib/python3.5/lib-dynload" type="simple" />
            <root url="file://$USER_HOME$/.virtualenvs/atlassian/lib/python3.5/site-packages" type="simple" />
            <root url="jar://$USER_HOME$/.virtualenvs/atlassian/lib/python3.5/site-packages/setuptools-39.1.0-py3.5.egg!/" type="simple" />
            <root url="file://$USER_HOME$/.virtualenvs/atlassian/lib/python3.5/site-packages/pip-10.0.1-py3.5.egg" type="simple" />
            <root url="file://$USER_HOME$/.PyCharm2018.3/system/python_stubs/-1997182201" type="simple" />
            <root url="file://$APPLICATION_HOME_DIR$/helpers/python-skeletons" type="simple" />
            <root url="file://$APPLICATION_HOME_DIR$/helpers/typeshed/stdlib/3" type="simple" />
            <root url="file://$APPLICATION_HOME_DIR$/helpers/typeshed/stdlib/2and3" type="simple" />
            <root url="file://$APPLICATION_HOME_DIR$/helpers/typeshed/third_party/3" type="simple" />
            <root url="file://$APPLICATION_HOME_DIR$/helpers/typeshed/third_party/2and3" type="simple" />
          </root>
        </classPath>
        <sourcePath>
          <root type="composite" />
        </sourcePath>
      </roots>
      <additional ASSOCIATED_PROJECT_PATH="$USER_HOME$/.virtualenvs/testi/lib/python2.7/site-packages/atlassian" />
    </jdk>
    <jdk version="2">
      <name value="Python 2.7 (bookcore)" />
      <type value="Python SDK" />
      <version value="Python 2.7.18rc1" />
      <homePath value="$USER_HOME$/.virtualenvs/bookcore/bin/python" />
      <roots>
        <classPath>
          <root type="composite">
            <root url="file:///usr/lib/python2.7" type="simple" />
            <root url="file:///usr/lib/python2.7/plat-x86_64-linux-gnu" type="simple" />
            <root url="file:///usr/lib/python2.7/lib-tk" type="simple" />
            <root url="file:///usr/lib/python2.7/lib-dynload" type="simple" />
            <root url="file://$USER_HOME$/.virtualenvs/bookcore/lib/python2.7/site-packages" type="simple" />
            <root url="file://$USER_HOME$/.cache/JetBrains/PyCharm2020.2/python_stubs/410163843" type="simple" />
            <root url="file://$APPLICATION_HOME_DIR$/plugins/python/helpers/python-skeletons" type="simple" />
            <root url="file://$APPLICATION_HOME_DIR$/plugins/python/helpers/typeshed/stdlib/2" type="simple" />
            <root url="file://$APPLICATION_HOME_DIR$/plugins/python/helpers/typeshed/stdlib/2and3" type="simple" />
            <root url="file://$APPLICATION_HOME_DIR$/plugins/python/helpers/typeshed/third_party/2" type="simple" />
            <root url="file://$APPLICATION_HOME_DIR$/plugins/python/helpers/typeshed/third_party/2and3" type="simple" />
          </root>
        </classPath>
        <sourcePath>
          <root type="composite" />
        </sourcePath>
      </roots>
      <additional ASSOCIATED_PROJECT_PATH="$USER_HOME$/roi/bookcore" />
    </jdk>
    <jdk version="2">
      <name value="Python 3.8 (google-drive)" />
      <type value="Python SDK" />
      <version value="Python 3.8.2" />
      <homePath value="$USER_HOME$/.virtualenvs/google-drive/bin/python3.8" />
      <roots>
        <classPath>
          <root type="composite">
            <root url="file:///usr/lib/python3.8" type="simple" />
            <root url="file:///usr/lib/python3.8/lib-dynload" type="simple" />
            <root url="file://$USER_HOME$/.virtualenvs/google-drive/lib/python3.8/site-packages" type="simple" />
            <root url="file://$USER_HOME$/.cache/JetBrains/PyCharm2020.2/python_stubs/-1492907448" type="simple" />
            <root url="file://$APPLICATION_HOME_DIR$/plugins/python/helpers/python-skeletons" type="simple" />
            <root url="file://$APPLICATION_HOME_DIR$/plugins/python/helpers/typeshed/stdlib/3.7" type="simple" />
            <root url="file://$APPLICATION_HOME_DIR$/plugins/python/helpers/typeshed/stdlib/3" type="simple" />
            <root url="file://$APPLICATION_HOME_DIR$/plugins/python/helpers/typeshed/stdlib/2and3" type="simple" />
            <root url="file://$APPLICATION_HOME_DIR$/plugins/python/helpers/typeshed/third_party/3" type="simple" />
            <root url="file://$APPLICATION_HOME_DIR$/plugins/python/helpers/typeshed/third_party/2and3" type="simple" />
          </root>
        </classPath>
        <sourcePath>
          <root type="composite" />
        </sourcePath>
      </roots>
      <additional ASSOCIATED_PROJECT_PATH="$USER_HOME$/dev/gdrive-scripts" />
    </jdk>
    <jdk version="2">
      <name value="Python 2.7 (pythonProject)" />
      <type value="Python SDK" />
      <version value="Python 2.7.18rc1" />
      <homePath value="$USER_HOME$/.virtualenvs/pythonProject/bin/python" />
      <roots>
        <classPath>
          <root type="composite">
            <root url="file://$USER_HOME$/.virtualenvs/pythonProject/lib/python2.7" type="simple" />
            <root url="file://$USER_HOME$/.virtualenvs/pythonProject/lib/python2.7/lib-dynload" type="simple" />
            <root url="file:///usr/lib/python2.7" type="simple" />
            <root url="file:///usr/lib/python2.7/plat-x86_64-linux-gnu" type="simple" />
            <root url="file:///usr/lib/python2.7/lib-tk" type="simple" />
            <root url="file://$USER_HOME$/.virtualenvs/pythonProject/local/lib/python2.7/site-packages" type="simple" />
            <root url="file://$USER_HOME$/.virtualenvs/pythonProject/lib/python2.7/site-packages" type="simple" />
            <root url="file://$USER_HOME$/.cache/JetBrains/PyCharm2020.2/python_stubs/-600969378" type="simple" />
            <root url="file://$APPLICATION_HOME_DIR$/plugins/python/helpers/python-skeletons" type="simple" />
            <root url="file://$APPLICATION_HOME_DIR$/plugins/python/helpers/typeshed/stdlib/2" type="simple" />
            <root url="file://$APPLICATION_HOME_DIR$/plugins/python/helpers/typeshed/stdlib/2and3" type="simple" />
            <root url="file://$APPLICATION_HOME_DIR$/plugins/python/helpers/typeshed/third_party/2" type="simple" />
            <root url="file://$APPLICATION_HOME_DIR$/plugins/python/helpers/typeshed/third_party/2and3" type="simple" />
          </root>
        </classPath>
        <sourcePath>
          <root type="composite" />
        </sourcePath>
      </roots>
      <additional ASSOCIATED_PROJECT_PATH="$USER_HOME$/PycharmProjects/pythonProject" />
    </jdk>
    <jdk version="2">
      <name value="Python 3.8 (py3)" />
      <type value="Python SDK" />
      <version value="Python 3.8.5" />
      <homePath value="$USER_HOME$/.virtualenvs/py3/bin/python" />
      <roots>
        <classPath>
          <root type="composite">
            <root url="file:///usr/lib/python3.8" type="simple" />
            <root url="file:///usr/lib/python3.8/lib-dynload" type="simple" />
            <root url="file://$USER_HOME$/.virtualenvs/py3/lib/python3.8/site-packages" type="simple" />
            <root url="file://$USER_HOME$/.cache/JetBrains/PyCharm2020.2/python_stubs/-1229366639" type="simple" />
            <root url="file://$APPLICATION_HOME_DIR$/plugins/python/helpers/python-skeletons" type="simple" />
            <root url="file://$APPLICATION_HOME_DIR$/plugins/python/helpers/typeshed/stdlib/3.7" type="simple" />
            <root url="file://$APPLICATION_HOME_DIR$/plugins/python/helpers/typeshed/stdlib/3" type="simple" />
            <root url="file://$APPLICATION_HOME_DIR$/plugins/python/helpers/typeshed/stdlib/2and3" type="simple" />
            <root url="file://$APPLICATION_HOME_DIR$/plugins/python/helpers/typeshed/third_party/3" type="simple" />
            <root url="file://$APPLICATION_HOME_DIR$/plugins/python/helpers/typeshed/third_party/2and3" type="simple" />
          </root>
        </classPath>
        <sourcePath>
          <root type="composite" />
        </sourcePath>
      </roots>
      <additional ASSOCIATED_PROJECT_PATH="$USER_HOME$/PycharmProjects/py3" />
    </jdk>
    <jdk version="2">
      <name value="Python 3.8 (slackbot)" />
      <type value="Python SDK" />
      <version value="Python 3.8.5" />
      <homePath value="$USER_HOME$/.virtualenvs/slackbot/bin/python" />
      <roots>
        <classPath>
          <root type="composite">
            <root url="file:///usr/lib/python3.8" type="simple" />
            <root url="file:///usr/lib/python3.8/lib-dynload" type="simple" />
            <root url="file://$USER_HOME$/.virtualenvs/slackbot/lib/python3.8/site-packages" type="simple" />
            <root url="file://$USER_HOME$/.cache/JetBrains/PyCharm2020.2/python_stubs/-72609548" type="simple" />
            <root url="file://$APPLICATION_HOME_DIR$/plugins/python/helpers/python-skeletons" type="simple" />
            <root url="file://$APPLICATION_HOME_DIR$/plugins/python/helpers/typeshed/stdlib/3.7" type="simple" />
            <root url="file://$APPLICATION_HOME_DIR$/plugins/python/helpers/typeshed/stdlib/3" type="simple" />
            <root url="file://$APPLICATION_HOME_DIR$/plugins/python/helpers/typeshed/stdlib/2and3" type="simple" />
            <root url="file://$APPLICATION_HOME_DIR$/plugins/python/helpers/typeshed/third_party/3" type="simple" />
            <root url="file://$APPLICATION_HOME_DIR$/plugins/python/helpers/typeshed/third_party/2and3" type="simple" />
          </root>
        </classPath>
        <sourcePath>
          <root type="composite" />
        </sourcePath>
      </roots>
      <additional ASSOCIATED_PROJECT_PATH="$USER_HOME$/roi/slackbot" />
    </jdk>
  </component>
</application>