<code_scheme name="Default (1)">
  <option name="LINE_SEPARATOR" value="&#10;" />
  <option name="RIGHT_MARGIN" value="79" />
  <XML>
    <option name="XML_LEGACY_SETTINGS_IMPORTED" value="true" />
  </XML>
  <codeStyleSettings language="SASS">
    <indentOptions>
      <option name="TAB_SIZE" value="2" />
    </indentOptions>
  </codeStyleSettings>
  <codeStyleSettings language="SCSS">
    <indentOptions>
      <option name="TAB_SIZE" value="2" />
    </indentOptions>
  </codeStyleSettings>
</code_scheme>