<keymap version="1" name="Sublime Text copy" parent="Sublime Text">
  <action id="Back">
    <mouse-shortcut keystroke="button4" />
    <keyboard-shortcut first-keystroke="ctrl alt left" />
  </action>
  <action id="ChangesView.ShelveSilently" />
  <action id="CollapseAll">
    <keyboard-shortcut first-keystroke="ctrl subtract" />
  </action>
  <action id="CollapseAllRegions">
    <keyboard-shortcut first-keystroke="ctrl k" second-keystroke="ctrl 1" />
    <keyboard-shortcut first-keystroke="shift ctrl minus" />
  </action>
  <action id="CollapseExpandableComponent">
    <keyboard-shortcut first-keystroke="shift enter" />
    <keyboard-shortcut first-keystroke="ctrl subtract" />
  </action>
  <action id="CollapseRegionRecursively">
    <keyboard-shortcut first-keystroke="ctrl alt subtract" />
    <keyboard-shortcut first-keystroke="ctrl alt minus" />
    <keyboard-shortcut first-keystroke="ctrl minus" />
  </action>
  <action id="CommentByLineComment">
    <keyboard-shortcut first-keystroke="ctrl slash" />
    <keyboard-shortcut first-keystroke="ctrl divide" />
    <keyboard-shortcut first-keystroke="ctrl 7" />
  </action>
  <action id="Compile" />
  <action id="EditorDecreaseFontSize">
    <keyboard-shortcut first-keystroke="shift ctrl subtract" />
  </action>
  <action id="EditorIncreaseFontSize">
    <keyboard-shortcut first-keystroke="shift ctrl add" />
  </action>
  <action id="EditorIndentLineOrSelection">
    <keyboard-shortcut first-keystroke="tab" />
  </action>
  <action id="EditorJoinLines" />
  <action id="EditorNextWordInDifferentHumpsMode" />
  <action id="EditorPreviousWordInDifferentHumpsMode" />
  <action id="EditorSelectWord">
    <keyboard-shortcut first-keystroke="shift ctrl space" />
    <keyboard-shortcut first-keystroke="shift ctrl j" />
    <keyboard-shortcut first-keystroke="shift ctrl m" />
  </action>
  <action id="EditorToggleCase">
    <keyboard-shortcut first-keystroke="ctrl u" second-keystroke="ctrl p" />
  </action>
  <action id="EditorUnindentSelection">
    <keyboard-shortcut first-keystroke="shift tab" />
  </action>
  <action id="ExpandAllRegions">
    <keyboard-shortcut first-keystroke="shift ctrl plus" />
  </action>
  <action id="ExpandRegion">
    <keyboard-shortcut first-keystroke="ctrl plus" />
  </action>
  <action id="ExternalSystem.CollapseAll">
    <keyboard-shortcut first-keystroke="ctrl subtract" />
  </action>
  <action id="ForceStepInto" />
  <action id="ForceStepOver" />
  <action id="Forward">
    <mouse-shortcut keystroke="button5" />
    <keyboard-shortcut first-keystroke="ctrl alt right" />
  </action>
  <action id="Git.ContextMenu">
    <keyboard-shortcut first-keystroke="ctrl inverted_exclamation_mark" />
  </action>
  <action id="GotoAction">
    <keyboard-shortcut first-keystroke="shift ctrl a" />
  </action>
  <action id="GotoDeclaration">
    <keyboard-shortcut first-keystroke="ctrl b" />
  </action>
  <action id="GotoImplementation" />
  <action id="GotoSuperMethod" />
  <action id="Images.Editor.ZoomOut">
    <keyboard-shortcut first-keystroke="ctrl subtract" />
  </action>
  <action id="InsertLiveTemplate">
    <keyboard-shortcut first-keystroke="ctrl j" />
  </action>
  <action id="NextSplitter">
    <keyboard-shortcut first-keystroke="alt w" />
  </action>
  <action id="NextTab">
    <keyboard-shortcut first-keystroke="alt right" />
  </action>
  <action id="PrevParameter" />
  <action id="PreviousTab">
    <keyboard-shortcut first-keystroke="alt left" />
  </action>
  <action id="PreviousTemplateVariable" />
  <action id="ReopenClosedTab" />
  <action id="Resume">
    <keyboard-shortcut first-keystroke="f9" />
  </action>
  <action id="RunToCursor" />
  <action id="SearchEverywhere">
    <keyboard-shortcut first-keystroke="shift ctrl n" />
  </action>
  <action id="SearchEverywhere.NavigateToNextGroup" />
  <action id="SearchEverywhere.PrevTab" />
  <action id="SelectInProjectView">
    <keyboard-shortcut first-keystroke="ctrl alt 1" />
  </action>
  <action id="ServiceView.ShowServices" />
  <action id="ShowBookmarks">
    <keyboard-shortcut first-keystroke="shift f11" />
  </action>
  <action id="ShowUsages" />
  <action id="SmartSelect">
    <keyboard-shortcut first-keystroke="shift ctrl space" />
    <keyboard-shortcut first-keystroke="shift ctrl j" />
    <keyboard-shortcut first-keystroke="shift ctrl m" />
  </action>
  <action id="SplitChooser.PreviousWindow" />
  <action id="SplitHorizontally">
    <keyboard-shortcut first-keystroke="shift ctrl h" />
  </action>
  <action id="SplitVertically">
    <keyboard-shortcut first-keystroke="shift ctrl t" />
  </action>
  <action id="StepIntoMyCode" />
  <action id="TableResult.GrowSelection">
    <keyboard-shortcut first-keystroke="shift ctrl space" />
    <keyboard-shortcut first-keystroke="shift ctrl j" />
    <keyboard-shortcut first-keystroke="shift ctrl m" />
  </action>
  <action id="TerminalDecreaseFontSize">
    <keyboard-shortcut first-keystroke="ctrl subtract" />
    <keyboard-shortcut first-keystroke="shift ctrl equals" />
  </action>
  <action id="ToggleDistractionFreeMode">
    <keyboard-shortcut first-keystroke="shift alt f6" />
  </action>
  <action id="ToggleFullScreen">
    <keyboard-shortcut first-keystroke="shift alt f7" />
  </action>
  <action id="TogglePresentationMode">
    <keyboard-shortcut first-keystroke="shift alt f5" />
  </action>
  <action id="ToggleZenMode">
    <keyboard-shortcut first-keystroke="shift alt f8" />
  </action>
  <action id="org.intellij.plugins.markdown.ui.actions.styling.InsertImageAction" />
  <action id="org.intellij.plugins.markdown.ui.actions.styling.ToggleBoldAction" />
</keymap>