<application>
  <component name="FeatureSuggesterSettings">
    <option name="workingDays">
      <list>
        <option value="1650304672699" />
        <option value="1650348502263" />
        <option value="1650445185842" />
        <option value="1650526055344" />
        <option value="1650610570668" />
        <option value="1650870031203" />
        <option value="1650983759582" />
        <option value="1651132319415" />
        <option value="1651212593437" />
        <option value="1651317162340" />
        <option value="1651424797219" />
        <option value="1651478041046" />
        <option value="1651561207290" />
        <option value="1651645714818" />
        <option value="1651732460104" />
        <option value="1651818564472" />
        <option value="1652031588065" />
        <option value="1652079980278" />
        <option value="1652164451287" />
        <option value="1652251623658" />
      </list>
    </option>
  </component>
</application>