<application>
  <component name="FileTypeManager" version="18">
    <ignoreFiles list="*$py.class;*.orig;*.pyc;*.pyo;*.rbc;*.yarb;*~;.DS_Store;.git;.hg;.svn;CVS;__pycache__;_svn;vssver.scc;vssver2.scc" />
    <extensionMap>
      <mapping pattern="README.md" type="AUTO_DETECTED" />
      <mapping pattern="Docker-psql" type="Dockerfile" />
      <mapping pattern=".env.example" type="PLAIN_TEXT" />
      <mapping pattern="test" type="PLAIN_TEXT" />
      <mapping pattern=".env" type="PLAIN_TEXT" />
      <mapping pattern="awd" type="PLAIN_TEXT" />
      <mapping pattern="history docker" type="PLAIN_TEXT" />
      <mapping pattern="ajwsd" type="PLAIN_TEXT" />
      <mapping ext="in" type="PLAIN_TEXT" />
      <mapping ext="service" type="PLAIN_TEXT" />
      <mapping ext="mo" type="PLAIN_TEXT" />
      <mapping pattern="dockerfile" type="YAML" />
      <removed_mapping ext="txt" approved="true" type="PLAIN_TEXT" />
      <removed_mapping pattern=".env" approved="true" type=".env file" />
      <removed_mapping pattern=".env" approved="true" type="Env File" />
      <mapping ext="txt" type="requirements-pro.txt" />
    </extensionMap>
  </component>
</application>