<application>
  <component name="FindSettings">
    <option name="customScope" value="File 'C:\vm\www\mcp-flask\static\design\enterfactorypro\css\main.css'" />
    <option name="defaultScopeName" value="File 'C:\vm\www\mcp-flask\static\design\enterfactorypro\css\main.css'" />
    <option name="SEARCH_SCOPE" value="File 'C:\vm\www\mcp-flask\static\design\enterfactorypro\css\main.css'" />
    <recentFileMasks>
      <mask>*.properties</mask>
      <mask>*.jsp</mask>
      <mask>*.xml</mask>
      <mask>*.java</mask>
      <mask>*.as</mask>
      <mask>*.css</mask>
      <mask>*.mxml</mask>
      <mask>*.js</mask>
      <mask>*.html</mask>
      <mask>*.scss</mask>
      <mask>*.py</mask>
    </recentFileMasks>
  </component>
</application>