<application>
  <component name="ProjectJdkTable">
    <jdk version="2">
      <name value="Python 2.7.11 (C:\Python27\python.exe)" />
      <type value="Python SDK" />
      <version value="Python 2.7.11" />
      <homePath value="C:\Python27\python.exe" />
      <roots>
        <classPath>
          <root type="composite">
            <root url="file://C:/Python27/DLLs" type="simple" />
            <root url="file://C:/Python27/Lib" type="simple" />
            <root url="file://C:/Python27/Lib/lib-tk" type="simple" />
            <root url="file://C:/Python27" type="simple" />
            <root url="file://C:/Python27/Lib/site-packages" type="simple" />
            <root url="file://$USER_HOME$/.PyCharm2016.2/system/python_stubs/-762174762" type="simple" />
            <root url="file://$APPLICATION_HOME_DIR$/helpers/python-skeletons" type="simple" />
          </root>
        </classPath>
        <sourcePath>
          <root type="composite" />
        </sourcePath>
      </roots>
      <additional />
    </jdk>
    <jdk version="2">
      <name value="Python 2.7.11 virtualenv at C:\Users\Javier Daniel Cortes\Documents\venvs\mcp-flask" />
      <type value="Python SDK" />
      <version value="Python 2.7.11" />
      <homePath value="C:\Users\Javier Daniel Cortes\Documents\venvs\mcp-flask\Scripts\python.exe" />
      <roots>
        <classPath>
          <root type="composite">
            <root url="file://$USER_HOME$/Documents/venvs/mcp-flask/Lib" type="simple" />
            <root url="file://$USER_HOME$/Documents/venvs/mcp-flask/Scripts" type="simple" />
            <root url="file://C:/Python27/Lib" type="simple" />
            <root url="file://C:/Python27/DLLs" type="simple" />
            <root url="file://C:/Python27/Lib/lib-tk" type="simple" />
            <root url="file://$USER_HOME$/Documents/venvs/mcp-flask" type="simple" />
            <root url="file://$USER_HOME$/Documents/venvs/mcp-flask/Lib/site-packages" type="simple" />
            <root url="file://$USER_HOME$/Documents/venvs/mcp-flask/Lib/site-packages/win32" type="simple" />
            <root url="file://$USER_HOME$/Documents/venvs/mcp-flask/Lib/site-packages/win32/lib" type="simple" />
            <root url="file://$USER_HOME$/Documents/venvs/mcp-flask/Lib/site-packages/pythonwin" type="simple" />
            <root url="file://$USER_HOME$/.PyCharm2016.2/system/python_stubs/1121170140" type="simple" />
            <root url="file://$APPLICATION_HOME_DIR$/helpers/python-skeletons" type="simple" />
          </root>
        </classPath>
        <sourcePath>
          <root type="composite" />
        </sourcePath>
      </roots>
      <additional ASSOCIATED_PROJECT_PATH="$USER_HOME$/Documents/projects/mcp-flask" />
    </jdk>
    <jdk version="2">
      <name value="Python 2.7.11 virtualenv at C:\Users\Javier Daniel Cortes\Documents\venvs\access" />
      <type value="Python SDK" />
      <version value="Python 2.7.11" />
      <homePath value="C:\Users\Javier Daniel Cortes\Documents\venvs\access\Scripts\python.exe" />
      <roots>
        <classPath>
          <root type="composite">
            <root url="file://$USER_HOME$/Documents/venvs/access/Lib" type="simple" />
            <root url="file://$USER_HOME$/Documents/venvs/access/Scripts" type="simple" />
            <root url="file://C:/Python27/Lib" type="simple" />
            <root url="file://C:/Python27/DLLs" type="simple" />
            <root url="file://C:/Python27/Lib/lib-tk" type="simple" />
            <root url="file://$USER_HOME$/Documents/venvs/access" type="simple" />
            <root url="file://$USER_HOME$/Documents/venvs/access/Lib/site-packages" type="simple" />
            <root url="file://$USER_HOME$/.PyCharm2016.2/system/python_stubs/2142646508" type="simple" />
            <root url="file://$APPLICATION_HOME_DIR$/helpers/python-skeletons" type="simple" />
          </root>
        </classPath>
        <sourcePath>
          <root type="composite" />
        </sourcePath>
      </roots>
      <additional ASSOCIATED_PROJECT_PATH="C:/vm/www/access control" />
    </jdk>
    <jdk version="2">
      <name value="Python 2.7.11 virtualenv at C:\Users\Javier Daniel Cortes\Documents\venvs\dash-reports" />
      <type value="Python SDK" />
      <version value="Python 2.7.11" />
      <homePath value="C:\Users\Javier Daniel Cortes\Documents\venvs\dash-reports\Scripts\python.exe" />
      <roots>
        <classPath>
          <root type="composite">
            <root url="file://$USER_HOME$/Documents/venvs/dash-reports/Lib" type="simple" />
            <root url="file://$USER_HOME$/Documents/venvs/dash-reports/Scripts" type="simple" />
            <root url="file://C:/Python27/Lib" type="simple" />
            <root url="file://C:/Python27/DLLs" type="simple" />
            <root url="file://C:/Python27/Lib/lib-tk" type="simple" />
            <root url="file://$USER_HOME$/Documents/venvs/dash-reports" type="simple" />
            <root url="file://$USER_HOME$/Documents/venvs/dash-reports/Lib/site-packages" type="simple" />
            <root url="file://$USER_HOME$/Documents/venvs/dash-reports/Lib/site-packages/newrelic-2.66.0.49" type="simple" />
            <root url="file://$USER_HOME$/.PyCharm2016.2/system/python_stubs/1786614860" type="simple" />
            <root url="file://$APPLICATION_HOME_DIR$/helpers/python-skeletons" type="simple" />
          </root>
        </classPath>
        <sourcePath>
          <root type="composite" />
        </sourcePath>
      </roots>
      <additional ASSOCIATED_PROJECT_PATH="C:/vm/www/dash-reports" />
    </jdk>
    <jdk version="2">
      <name value="Python 2.7.11 virtualenv at C:\Users\Javier Daniel Cortes\Documents\venvs\oauth" />
      <type value="Python SDK" />
      <version value="Python 2.7.11" />
      <homePath value="C:\Users\Javier Daniel Cortes\Documents\venvs\oauth\Scripts\python.exe" />
      <roots>
        <classPath>
          <root type="composite">
            <root url="file://$USER_HOME$/Documents/venvs/oauth/Lib" type="simple" />
            <root url="file://$USER_HOME$/Documents/venvs/oauth/Scripts" type="simple" />
            <root url="file://C:/Python27/Lib" type="simple" />
            <root url="file://C:/Python27/DLLs" type="simple" />
            <root url="file://C:/Python27/Lib/lib-tk" type="simple" />
            <root url="file://$USER_HOME$/Documents/venvs/oauth" type="simple" />
            <root url="file://$USER_HOME$/Documents/venvs/oauth/Lib/site-packages" type="simple" />
            <root url="file://$USER_HOME$/.PyCharm2016.2/system/python_stubs/1781467109" type="simple" />
            <root url="file://$APPLICATION_HOME_DIR$/helpers/python-skeletons" type="simple" />
          </root>
        </classPath>
        <sourcePath>
          <root type="composite" />
        </sourcePath>
      </roots>
      <additional ASSOCIATED_PROJECT_PATH="C:/vm/www/oauth" />
    </jdk>
    <jdk version="2">
      <name value="Python 2.7.11 virtualenv at C:\Users\Javier Daniel Cortes\Documents\venvs\core-entities" />
      <type value="Python SDK" />
      <version value="Python 2.7.11" />
      <homePath value="C:\Users\Javier Daniel Cortes\Documents\venvs\core-entities\Scripts\python.exe" />
      <roots>
        <classPath>
          <root type="composite">
            <root url="file://$USER_HOME$/Documents/venvs/core-entities/Lib" type="simple" />
            <root url="file://$USER_HOME$/Documents/venvs/core-entities/Scripts" type="simple" />
            <root url="file://C:/Python27/Lib" type="simple" />
            <root url="file://C:/Python27/DLLs" type="simple" />
            <root url="file://C:/Python27/Lib/lib-tk" type="simple" />
            <root url="file://$USER_HOME$/Documents/venvs/core-entities" type="simple" />
            <root url="file://$USER_HOME$/Documents/venvs/core-entities/Lib/site-packages" type="simple" />
            <root url="file://$USER_HOME$/Documents/venvs/core-entities/Lib/site-packages/newrelic-2.64.0.48" type="simple" />
            <root url="file://$USER_HOME$/.PyCharm2016.2/system/python_stubs/-418546867" type="simple" />
            <root url="file://$APPLICATION_HOME_DIR$/helpers/python-skeletons" type="simple" />
          </root>
        </classPath>
        <sourcePath>
          <root type="composite" />
        </sourcePath>
      </roots>
      <additional ASSOCIATED_PROJECT_PATH="C:/vm/www/core-entities" />
    </jdk>
    <jdk version="2">
      <name value="Python 2.7.11 virtualenv at C:\Users\Javier Daniel Cortes\Documents\venvs\admin" />
      <type value="Python SDK" />
      <version value="Python 2.7.11" />
      <homePath value="C:\Users\Javier Daniel Cortes\Documents\venvs\admin\Scripts\python.exe" />
      <roots>
        <classPath>
          <root type="composite">
            <root url="file://$USER_HOME$/Documents/venvs/admin/Lib" type="simple" />
            <root url="file://$USER_HOME$/Documents/venvs/admin/Scripts" type="simple" />
            <root url="file://C:/Python27/Lib" type="simple" />
            <root url="file://C:/Python27/DLLs" type="simple" />
            <root url="file://C:/Python27/Lib/lib-tk" type="simple" />
            <root url="file://$USER_HOME$/Documents/venvs/admin" type="simple" />
            <root url="file://$USER_HOME$/Documents/venvs/admin/Lib/site-packages" type="simple" />
            <root url="file://$USER_HOME$/.PyCharm2016.2/system/python_stubs/800630829" type="simple" />
            <root url="file://$APPLICATION_HOME_DIR$/helpers/python-skeletons" type="simple" />
          </root>
        </classPath>
        <sourcePath>
          <root type="composite" />
        </sourcePath>
      </roots>
      <additional ASSOCIATED_PROJECT_PATH="C:/vm/www/mcp-flask" />
    </jdk>
    <jdk version="2">
      <name value="Python 3.9 (pythonProject)" />
      <type value="Python SDK" />
      <version value="Python 3.9.5" />
      <homePath value="$USER_HOME$/PycharmProjects/pythonProject/venv/bin/python" />
      <roots>
        <classPath>
          <root type="composite">
            <root url="file:///usr/lib/python3.9" type="simple" />
            <root url="file:///usr/lib/python3.9/lib-dynload" type="simple" />
            <root url="file://$USER_HOME$/PycharmProjects/pythonProject/venv/lib/python3.9/site-packages" type="simple" />
            <root url="file://$USER_HOME$/.cache/JetBrains/PyCharm2021.2/python_stubs/-825746209" type="simple" />
            <root url="file://$APPLICATION_HOME_DIR$/plugins/python/helpers/python-skeletons" type="simple" />
            <root url="file://$APPLICATION_HOME_DIR$/plugins/python/helpers/typeshed/stdlib" type="simple" />
            <root url="file://$APPLICATION_HOME_DIR$/plugins/python/helpers/typeshed/stubs/jwt" type="simple" />
            <root url="file://$APPLICATION_HOME_DIR$/plugins/python/helpers/typeshed/stubs/six" type="simple" />
            <root url="file://$APPLICATION_HOME_DIR$/plugins/python/helpers/typeshed/stubs/mock" type="simple" />
            <root url="file://$APPLICATION_HOME_DIR$/plugins/python/helpers/typeshed/stubs/nmap" type="simple" />
            <root url="file://$APPLICATION_HOME_DIR$/plugins/python/helpers/typeshed/stubs/annoy" type="simple" />
            <root url="file://$APPLICATION_HOME_DIR$/plugins/python/helpers/typeshed/stubs/attrs" type="simple" />
            <root url="file://$APPLICATION_HOME_DIR$/plugins/python/helpers/typeshed/stubs/polib" type="simple" />
            <root url="file://$APPLICATION_HOME_DIR$/plugins/python/helpers/typeshed/stubs/retry" type="simple" />
            <root url="file://$APPLICATION_HOME_DIR$/plugins/python/helpers/typeshed/stubs/docopt" type="simple" />
            <root url="file://$APPLICATION_HOME_DIR$/plugins/python/helpers/typeshed/stubs/enum34" type="simple" />
            <root url="file://$APPLICATION_HOME_DIR$/plugins/python/helpers/typeshed/stubs/orjson" type="simple" />
            <root url="file://$APPLICATION_HOME_DIR$/plugins/python/helpers/typeshed/stubs/pysftp" type="simple" />
            <root url="file://$APPLICATION_HOME_DIR$/plugins/python/helpers/typeshed/stubs/xxhash" type="simple" />
            <root url="file://$APPLICATION_HOME_DIR$/plugins/python/helpers/typeshed/stubs/chardet" type="simple" />
            <root url="file://$APPLICATION_HOME_DIR$/plugins/python/helpers/typeshed/stubs/futures" type="simple" />
            <root url="file://$APPLICATION_HOME_DIR$/plugins/python/helpers/typeshed/stubs/pyaudio" type="simple" />
            <root url="file://$APPLICATION_HOME_DIR$/plugins/python/helpers/typeshed/stubs/tzlocal" type="simple" />
            <root url="file://$APPLICATION_HOME_DIR$/plugins/python/helpers/typeshed/stubs/Markdown" type="simple" />
            <root url="file://$APPLICATION_HOME_DIR$/plugins/python/helpers/typeshed/stubs/Werkzeug" type="simple" />
            <root url="file://$APPLICATION_HOME_DIR$/plugins/python/helpers/typeshed/stubs/aiofiles" type="simple" />
            <root url="file://$APPLICATION_HOME_DIR$/plugins/python/helpers/typeshed/stubs/colorama" type="simple" />
            <root url="file://$APPLICATION_HOME_DIR$/plugins/python/helpers/typeshed/stubs/filelock" type="simple" />
            <root url="file://$APPLICATION_HOME_DIR$/plugins/python/helpers/typeshed/stubs/paramiko" type="simple" />
            <root url="file://$APPLICATION_HOME_DIR$/plugins/python/helpers/typeshed/stubs/pathlib2" type="simple" />
            <root url="file://$APPLICATION_HOME_DIR$/plugins/python/helpers/typeshed/stubs/requests" type="simple" />
            <root url="file://$APPLICATION_HOME_DIR$/plugins/python/helpers/typeshed/stubs/waitress" type="simple" />
            <root url="file://$APPLICATION_HOME_DIR$/plugins/python/helpers/typeshed/stubs/freezegun" type="simple" />
            <root url="file://$APPLICATION_HOME_DIR$/plugins/python/helpers/typeshed/stubs/ipaddress" type="simple" />
            <root url="file://$APPLICATION_HOME_DIR$/plugins/python/helpers/typeshed/stubs/pyRFC3339" type="simple" />
            <root url="file://$APPLICATION_HOME_DIR$/plugins/python/helpers/typeshed/stubs/typed-ast" type="simple" />
            <root url="file://$APPLICATION_HOME_DIR$/plugins/python/helpers/typeshed/stubs/Deprecated" type="simple" />
            <root url="file://$APPLICATION_HOME_DIR$/plugins/python/helpers/typeshed/stubs/cachetools" type="simple" />
            <root url="file://$APPLICATION_HOME_DIR$/plugins/python/helpers/typeshed/stubs/frozendict" type="simple" />
            <root url="file://$APPLICATION_HOME_DIR$/plugins/python/helpers/typeshed/stubs/pyfarmhash" type="simple" />
            <root url="file://$APPLICATION_HOME_DIR$/plugins/python/helpers/typeshed/stubs/JACK-Client" type="simple" />
            <root url="file://$APPLICATION_HOME_DIR$/plugins/python/helpers/typeshed/stubs/contextvars" type="simple" />
            <root url="file://$APPLICATION_HOME_DIR$/plugins/python/helpers/typeshed/stubs/atomicwrites" type="simple" />
            <root url="file://$APPLICATION_HOME_DIR$/plugins/python/helpers/typeshed/stubs/cryptography" type="simple" />
            <root url="file://$APPLICATION_HOME_DIR$/plugins/python/helpers/typeshed/stubs/DateTimeRange" type="simple" />
            <root url="file://$APPLICATION_HOME_DIR$/plugins/python/helpers/typeshed/stubs/click-spinner" type="simple" />
            <root url="file://$APPLICATION_HOME_DIR$/plugins/python/helpers/typeshed/stubs/pkg_resources" type="simple" />
            <root url="file://$APPLICATION_HOME_DIR$/plugins/python/helpers/typeshed/stubs/python-gflags" type="simple" />
            <root url="file://$APPLICATION_HOME_DIR$/plugins/python/helpers/typeshed/stubs/python-slugify" type="simple" />
            <root url="file://$APPLICATION_HOME_DIR$/plugins/python/helpers/typeshed/stubs/python-dateutil" type="simple" />
          </root>
        </classPath>
        <sourcePath>
          <root type="composite" />
        </sourcePath>
      </roots>
      <additional ASSOCIATED_PROJECT_PATH="$USER_HOME$/PycharmProjects/pythonProject" />
    </jdk>
  </component>
</application>