<application>
  <component name="ActionMacroManager">
    <macro name="ejemplo">
      <typing text-keycode="70:0;79:0;82:0;32:0;73:0;32:0;73:0;78:0;32:0;46:1">for&amp;#x20;i&amp;#x20;in&amp;#x20;:</typing>
      <action id="EditorEnter" />
      <typing text-keycode="80:0;82:0;73:0;78:0;84:0;32:0;73:0;32:0">print&amp;#x20;i&amp;#x20;</typing>
      <action id="EditorUp" />
      <action id="EditorLeft" />
      <typing text-keycode="76:0;73:0;83:0;84:0">list</typing>
      <action id="EditorDown" />
    </macro>
  </component>
</application>