<keymap version="1" name="default-sublime" parent="$default">
  <action id="$SearchWeb">
    <keyboard-shortcut first-keystroke="ctrl alt g" />
  </action>
  <action id="AceAction">
    <keyboard-shortcut first-keystroke="ctrl y" />
  </action>
  <action id="AceLineAction" />
  <action id="AceTargetAction" />
  <action id="ChangesView.UnshelveSilently" />
  <action id="CheckinProject" />
  <action id="CloseContent">
    <keyboard-shortcut first-keystroke="ctrl w" />
  </action>
  <action id="CommentByLineComment">
    <keyboard-shortcut first-keystroke="ctrl divide" />
    <keyboard-shortcut first-keystroke="ctrl 7" />
    <keyboard-shortcut first-keystroke="ctrl numpad7" />
  </action>
  <action id="CompareTwoFiles" />
  <action id="Diff.ShowDiff" />
  <action id="Diff.ShowSettingsPopup" />
  <action id="Editor SearchWeb">
    <keyboard-shortcut first-keystroke="ctrl alt g" />
  </action>
  <action id="EditorDeleteLine">
    <keyboard-shortcut first-keystroke="shift ctrl k" />
  </action>
  <action id="EditorDuplicate">
    <keyboard-shortcut first-keystroke="shift ctrl d" />
  </action>
  <action id="EditorSelectWord">
    <keyboard-shortcut first-keystroke="ctrl comma" />
  </action>
  <action id="EditorToggleCase">
    <keyboard-shortcut first-keystroke="shift ctrl g" />
  </action>
  <action id="ExpressionTypeInfo" />
  <action id="FileChooser.GotoDesktop" />
  <action id="FileChooser.NewFolder">
    <keyboard-shortcut first-keystroke="alt insert" />
  </action>
  <action id="FileChooser.TogglePathShowing" />
  <action id="Git.Menu">
    <keyboard-shortcut first-keystroke="ctrl inverted_exclamation_mark" />
  </action>
  <action id="GotoChangedFile" />
  <action id="GotoFile">
    <keyboard-shortcut first-keystroke="shift ctrl n" />
    <keyboard-shortcut first-keystroke="ctrl p" />
  </action>
  <action id="GotoSymbol">
    <keyboard-shortcut first-keystroke="shift ctrl alt n" />
    <keyboard-shortcut first-keystroke="shift ctrl p" />
  </action>
  <action id="GotoTest" />
  <action id="Images.ShowThumbnails" />
  <action id="Inline" />
  <action id="IntroduceParameter" />
  <action id="IpnbMoveCellDownAction" />
  <action id="IpnbMoveCellUpAction" />
  <action id="MoveLineDown">
    <keyboard-shortcut first-keystroke="shift alt down" />
    <keyboard-shortcut first-keystroke="shift ctrl down" />
  </action>
  <action id="MoveLineUp">
    <keyboard-shortcut first-keystroke="shift alt up" />
    <keyboard-shortcut first-keystroke="shift ctrl up" />
  </action>
  <action id="MoveStatementDown" />
  <action id="MoveStatementUp" />
  <action id="MoveTabDown">
    <keyboard-shortcut first-keystroke="shift ctrl numpad2" />
  </action>
  <action id="MoveTabRight">
    <keyboard-shortcut first-keystroke="shift ctrl numpad6" />
  </action>
  <action id="NewElement">
    <keyboard-shortcut first-keystroke="alt insert" />
    <keyboard-shortcut first-keystroke="ctrl alt n" />
  </action>
  <action id="NextSplitter">
    <keyboard-shortcut first-keystroke="alt w" />
  </action>
  <action id="OpenFile">
    <keyboard-shortcut first-keystroke="shift ctrl o" />
  </action>
  <action id="ParameterInfo" />
  <action id="PlaySavedMacrosAction">
    <keyboard-shortcut first-keystroke="ctrl pause" />
  </action>
  <action id="PublishGroup.Download">
    <keyboard-shortcut first-keystroke="alt d" />
  </action>
  <action id="PublishGroup.Upload">
    <keyboard-shortcut first-keystroke="ctrl alt u" />
  </action>
  <action id="RecentProjectListGroup">
    <keyboard-shortcut first-keystroke="ctrl alt p" />
  </action>
  <action id="ReopenClosedTab">
    <keyboard-shortcut first-keystroke="shift ctrl t" />
  </action>
  <action id="ResizeToolWindowDown" />
  <action id="ResizeToolWindowUp" />
  <action id="SearchEverywhere">
    <keyboard-shortcut first-keystroke="shift ctrl n" />
  </action>
  <action id="SelectAllOccurrences">
    <keyboard-shortcut first-keystroke="ctrl alt d" />
  </action>
  <action id="SelectNextOccurrence">
    <keyboard-shortcut first-keystroke="ctrl d" />
  </action>
  <action id="SendEOF" />
  <action id="ShelveChanges.UnshelveWithDialog" />
  <action id="ShelvedChanges.Diff" />
  <action id="ShowUmlDiagramPopup" />
  <action id="SplitHorizontally">
    <keyboard-shortcut first-keystroke="shift ctrl 2" />
  </action>
  <action id="SplitVertically">
    <keyboard-shortcut first-keystroke="shift ctrl 1" />
  </action>
  <action id="SurroundWithLiveTemplate">
    <keyboard-shortcut first-keystroke="ctrl alt w" />
  </action>
  <action id="SwitchApply">
    <keyboard-shortcut first-keystroke="shift alt enter" />
  </action>
  <action id="SwitchDown">
    <keyboard-shortcut first-keystroke="shift alt down" />
  </action>
  <action id="SwitchLeft">
    <keyboard-shortcut first-keystroke="shift alt left" />
  </action>
  <action id="SwitchRight">
    <keyboard-shortcut first-keystroke="shift alt right" />
  </action>
  <action id="SwitchUp">
    <keyboard-shortcut first-keystroke="shift alt up" />
  </action>
  <action id="Synchronize" />
  <action id="ToggleBookmark1" />
  <action id="ToggleBookmark2" />
  <action id="ToggleDistractionFreeMode">
    <keyboard-shortcut first-keystroke="alt f6" />
  </action>
  <action id="ToggleFullScreen">
    <keyboard-shortcut first-keystroke="alt f5" />
  </action>
  <action id="TogglePresentationMode">
    <keyboard-shortcut first-keystroke="alt f11" />
  </action>
  <action id="UnsplitAll">
    <keyboard-shortcut first-keystroke="shift ctrl numpad0" />
  </action>
  <action id="Vcs.Push" />
  <action id="Vcs.UpdateProject" />
  <action id="hg4idea.file.menu">
    <keyboard-shortcut first-keystroke="shift ctrl inverted_exclamation_mark" />
  </action>
</keymap>